{
  "projects":[
      {
        "id":1,
        "img":"/static/media/netflix.a2cb1e4302b616790a08.png",
        "title":"프로젝트1",
        "responsive":false,
        "date":"0000-00-00",
        "stack":"스택입ㄴ디ㅏ",
        "info":"설명입니다"
      },
      {
        "id":2,
        "img":"/static/media/rafsimons.ef20b296a07980d1000c.png",
        "title":"RafSimons WebPage",
        "responsive":true,
        "date":"2023-07-20",
        "stack":"React",
        "address" : "https://jolly-cupcake-b28765.netlify.app/",
        "info":"React를 활용하여 간단한 쇼핑몰 페이지를 구현했습니다."
      },
      {
        "id":3,
        "img":"/static/media/diary.22e6009329cafda59e93.png",
        "title":"프로젝트3",
        "date":"0000-00-00",
        "stack":"------"
      },
      {
        "id":4,
        "img":"/static/media/todolist.1d8c2640daf804524877.png",
        "title":"프로젝트4",
        "date":"0000-00-00",
        "stack":"------"
      },
      {
        "id":5,
        "img":"",
        "title":"프로젝트5",
        "date":"0000-00-00",
        "stack":"------"
      },
      {
        "id":6,
        "img":"",
        "title":"프로젝트6",
        "date":"0000-00-00",
        "stack":"------"
      }
  ]
}